mg,bp_rp
4.351839968019108,1.1402731
4.684350479333419,1.2363825
4.96214385428147,1.3257322
4.687139509536303,1.3610849
2.9775471381116603,0.89852333
8.988746777105597,2.4140444
8.197236391272153,2.0047083
5.901154476039073,1.3732061
8.969572260259088,2.3425484
8.889497945418054,2.482193
4.052901318335888,0.8511133
9.01646874509435,2.3865948
8.403464060228501,1.9819326
9.421300657771294,2.369957
4.041903477177545,1.1661797
9.132042762602488,2.2112083
6.089085648804936,1.3139706
3.883087654799297,1.2030945
6.3990490420588095,1.5036211
6.184950578496718,1.4658546
7.9880754665995575,1.9559059
3.2340197945029097,1.6256208
7.75839684530607,1.867836
5.035348388306188,1.1782923
5.7694867500864095,1.2902613
5.453314944264736,1.2534037
4.315864464540674,1.2334299
5.713730982199342,1.2792377
9.04119594533137,2.3256083
9.92755688970433,2.5434399
4.220535640288356,1.0466251
5.127305132361338,1.313427
5.696968375313842,1.2982168
5.931885842188047,1.5985861
5.290727747119828,1.2608862
9.013313596730598,2.566183
3.6378404082553626,1.0786858
8.024823332993495,1.9876137
3.766008726522214,1.1038542
4.3144865357535895,1.2883072
3.9207667195625753,1.2411909
4.180661107328364,1.0871277
6.2331075563150975,1.449686
4.834266690338049,1.2696629
4.329783951327359,1.2197552
6.737771362016694,1.5709057
7.917651593712268,1.9181767
3.800977112250729,1.196621
7.021625343368719,1.4742212
7.768217346624848,1.8440647
7.216812718534683,1.6909151
4.640845921249612,1.2781487
2.4373401461693565,1.5120506
6.862488624795393,1.5593481
8.526903856640068,2.2475376
4.361552566571607,1.2442961
9.860787141689656,2.6629314
5.682247794625209,1.3315096
4.598982986398076,1.1896658
5.031483587493556,1.3204298
5.597117297943312,1.315629
7.294906065091681,1.7937403
9.085608151659166,2.3321657
2.9405014836685286,1.6477804
10.92521368827062,2.8514442
4.739339357952899,1.3020964
3.038237769902686,0.8238287
6.092097899621773,1.4735861
4.642742480916766,1.3919401
7.976824198392855,2.0031023
10.087153495292206,2.78409
6.3328836745372,1.6538696
4.542228562595058,1.1573095
5.65299825404168,1.340868
4.1583750635090535,1.2046928
4.558117927824716,1.4263039
5.492581079537517,1.3637667
6.604099449614761,1.5394058
2.4096943491316445,1.0302839
10.737240178531998,2.618229
10.172137607157708,2.7519073
3.8173542515412073,1.3238668
11.070960341924476,3.0393753
4.456826859578559,1.278449
4.273295236265842,1.1361713
5.943313106666084,1.5664501
4.173616041978802,1.1096535
8.270961985889919,2.0675707
3.051073182342094,1.4586124
7.191355474695811,1.620697
4.365084146366435,1.2618694
4.63379585319702,1.5014248
8.344070151494545,1.9465199
8.474305143212725,1.8414145
9.240453986169392,2.5583582
11.717282766529927,2.9818382
4.133589206043068,1.5061455
6.468255622306895,1.4265242
11.918276197287916,3.0054073
8.722625259744575,2.3813782
5.420264059391917,1.2787533
-0.33867670756321644,1.9100599
3.4595626780840885,1.16364
8.395702044570854,2.1896343
4.08491091679039,1.5379801
4.842566811544446,1.1883049
5.974701512949851,1.3402662
8.039371614519407,1.9532442
9.492321183752267,2.8539238
10.073336827518354,1.945262
4.869104119599026,1.0924816
6.460240748099292,1.4927597
10.084536613714668,2.5422306
5.77223214636013,1.3151608
1.228180663478632,1.6652632
7.31432822507092,1.7693005
7.497666050377596,1.7559252
5.875161429570957,1.2425976
3.1825958029301447,1.0339518
5.947240533635126,1.4307566
10.555591991130726,2.8390694
4.246990127470617,1.437355
4.984192463434114,1.1843863
4.570181886562414,1.1849222
10.485710540731176,2.4485931
3.5135831579767363,1.317399
5.673409234561728,1.2812109
4.352119349209286,1.2936945
6.270237356102545,1.3801498
6.3178039126444325,1.453536
13.439698073871831,0.5402756
7.686800044192115,1.9220543
8.422402636001753,1.9670334
7.458579121579255,1.7194214
7.407423987931406,1.8156576
5.865652355341378,1.3166046
8.978512780313892,2.1569786
4.412638337774013,1.1169691
10.292887884482596,2.812811
10.006974485057789,2.5882359
1.6175136001455446,1.5435171
4.451503077975451,1.1950779
9.538216587143388,2.543149
8.257767087400449,1.9977922
4.357309313456836,1.1230764
5.442128304490666,1.301939
8.29575708061855,2.1897306
6.766817823736108,1.6403046
5.845147839996514,1.3290901
6.193490712516571,1.3422546
3.884383384416404,1.062067
4.026745023569028,1.1954012
9.24540634209053,2.2639923
4.484856150993554,1.2518702
4.173370499632453,1.168582
5.478729535592333,1.369709
4.260452743412262,1.0406713
5.604342381724678,1.3647699
12.467296480708445,2.7803574
8.083461071030698,2.1071196
4.7182644473322135,1.1981115
11.286850385615065,3.4149609
5.6247083335658505,1.2689791
5.385744532854476,1.3041525
9.323089039811023,2.6077347
4.939990260662192,1.2060642
6.868098180547747,2.3392076
8.051799499076527,1.949194
5.734480236775923,1.351738
7.714460442603272,1.8874006
7.821301523435196,1.853859
3.9601531479678354,1.1287298
4.843237586725772,1.1162882
4.010369851422961,1.0144758
5.708667596626647,1.3976421
9.699784685430835,2.8272476
4.830939124206836,1.26929
5.809196397945888,1.435216
5.116986305675143,1.290762
5.10257390803169,1.279419
4.3917233184695945,1.108594
5.5920424019685235,1.2501287
7.291882705477224,1.6667471
7.62381920923557,1.8246431
6.088635099518868,1.268076
6.65281863624508,1.4191494
6.38459539195695,1.5240364
8.631678651109091,2.18299
10.991009424831894,3.1137352
5.274596427077867,1.3172159
7.392319178454411,1.6437521
6.0706676616535376,1.4266148
8.33082240291873,2.1086264
8.184978771953176,2.0202503
6.937592795996082,1.6293259
8.219393028840514,2.0363111
1.9775487858162535,1.7252884
5.102921715303948,1.2704649
5.72749796346195,1.2464666
4.198333048355618,1.2707491
6.089011787677471,1.5387354
5.833038853783915,1.1562681
4.380527665958388,0.93894196
5.919522395745222,1.4465694
10.8027999733516,2.86895
10.484689384612171,2.7136478
2.931240605591819,1.0449543
7.254873015146536,1.7443781
6.1479815300214256,1.3428392
7.3481249800690875,1.7285767
6.173314854632228,1.3395948
7.96005565310805,1.867382
4.467724202067529,1.4708223
9.368731305765195,2.3312082
8.591760685768222,2.345871
1.7584558146308336,1.7573481
4.822927892036512,1.137145
5.1752541679562025,1.2232418
5.591034862695501,1.3712521
10.19002825521661,2.7884254
6.424110678193621,1.5650816
9.55914375665753,2.3386917
6.032864735295831,1.4015799
6.57593440763614,1.5868816
4.45806207578466,1.2233601
4.2948161769167434,1.2709599
5.051402100076478,1.2118683
4.868482550150487,1.0604048
7.306176064061827,1.6934958
4.02621059085741,1.0822678
4.041836492260527,0.9928217
5.061399306724384,1.3682814
7.677173188930372,1.7840776
7.957819208766249,1.8543568
10.641977288439968,2.5809326
9.370245953817907,2.4213285
8.650562642435279,2.2264557
6.50402985958176,1.4617014
6.181535934288796,1.5699501
9.967876827092375,2.6610756
4.640283797446754,1.1508846
6.940775352917239,1.6603127
4.853851625644873,1.1683044
7.966135373225509,1.9139385
7.165005633898559,1.7396288
8.973695852596357,2.305481
10.872314222484604,2.5810585
5.01325771969173,1.2913656
2.88202048611781,1.6865501
4.619066487849016,1.5528936
5.538419091255708,1.3226395
2.134646498849172,1.6091003
5.296170515547457,1.3296633
5.259934235436903,1.3986292
7.45273468811849,1.6530399
5.4162357850347504,1.3148594
8.201322695598712,2.322136
4.61433380550856,1.2748079
6.686298337558664,1.517273
5.461476742911449,1.3365602
3.191209522381161,1.0052881
3.8236332325093993,1.0864792
4.556111105944211,1.1750355
8.990535288014243,2.4066782
11.209025259553215,3.079239
5.698997810690404,1.5662012
7.8724901270188745,1.8967056
8.438633073030523,2.2744198
3.757740567398395,1.1407118
5.776904283577316,1.3306227
5.451592967423402,1.3386011
5.569961518771752,1.470931
3.7926408407272625,1.2001591
5.773525632141499,1.2961216
6.6804488027747375,1.6705484
9.531777381745549,2.503521
10.919590398882477,2.9095592
4.575229277578131,1.213232
4.537321803870494,1.1750641
1.8622283634892618,0.4268074
7.081320316358166,1.5995073
4.58546179484992,1.1873302
9.89856762352974,2.6428804
6.070504822711193,1.4383764
2.1239223931938724,1.7749825
4.26926735042127,1.2672567
1.3146127668372838,1.6347351
5.789948734999896,1.2925339
7.387568460782752,1.701829
5.069794807817367,1.2515516
5.848601580977316,1.4920578
7.107449447136478,1.6932011
7.6361513887579875,1.594347
5.058761041295547,1.138731
4.0597077434749025,1.1757498
7.853764677850549,1.8618736
10.060341515401042,2.8715324
1.0000516922300555,1.6001577
0.7540332754990065,1.7816029
6.332553160911726,1.4721222
0.9253177708123719,1.6596975
8.600544910742244,2.0486498
7.626433518014,1.8559532
13.243600742087075,3.6732016
6.5198511985202785,1.5673218
3.8764487438799478,1.3098955
13.342290006155348,3.7817345
6.211385172177035,1.5197659
4.6297165911195,0.8295064
1.614588117820377,1.0382357
4.806147678359885,1.2875195
4.937152725810561,1.322011
10.675110747045295,-0.37547112
9.252271452245264,2.4039106
7.118807862607621,1.7776308
6.029019614266083,1.4134064
5.339470281868328,1.2709618
7.5208750989660444,1.7442999
3.5132680578127644,1.5871582
9.095084828535814,2.2125568
3.7230981795097495,1.2544565
5.927273607064034,1.2960682
7.60886765973887,2.0615854
6.6547984253706325,1.3664474
10.058344308197363,2.694622
6.518924331021278,1.5013647
7.110062302594958,1.609189
6.853522426238051,1.5824614
10.323949584783364,2.5442085
5.326845377043837,1.3386946
5.635766660074834,1.4555912
5.744068826498873,1.2138252
8.251207119872639,1.9139385
11.836338054328074,2.9645462
3.8809907680996627,0.9797039
6.130292701530884,1.3895226
7.586482270392533,1.8034201
5.896749970205461,1.2670774
4.115460408673208,1.195054
6.145962598029815,1.3873138
1.4846571383215714,1.4712372
6.295665805030374,1.386816
8.520693873502562,2.2059565
6.7295003816193635,1.5132542
8.426787028507448,2.0177813
0.23198604886748875,1.670824
6.108655131091872,1.3714981
7.989704901301689,2.1758137
5.330045704283139,1.3074379
8.793540563016421,2.1752195
7.664906431589927,1.8540897
3.8314871911186135,1.4417858
7.33027690175329,1.6167526
5.82431034697427,1.2960682
1.3750667584932188,1.5032339
9.45707251465889,2.4079723
5.227817911343372,1.4944344
6.0952611454628745,1.2345858
4.129828503275691,1.4372625
7.876992485175588,1.9619799
6.9697170257710965,1.6155605
9.887211291543874,2.605729
5.788029705868043,1.3356247
6.012037020151922,1.3042622
5.60383822883632,1.4879465
7.043037861960677,1.645359
5.72420911180215,1.3056326
5.508592137855777,1.2915888
9.212907706893954,2.215763
4.893295884426889,0.8050566
11.431646592052118,3.2975674
4.914074485501425,1.3745184
7.231851550836488,1.7928782
5.249045008738047,1.1357603
8.97491992986464,2.6586561
5.265043060629189,1.1756067
4.776463536530642,1.140625
4.77076946608493,1.1026535
5.9954658929678,1.464982
3.896768530218825,1.0809984
8.023957194469268,2.2468395
5.957530068674794,1.485467
5.181702322078209,1.0440378
4.321664696933743,1.111414
8.693441686051592,2.161604
6.319401591068768,1.4099312
7.471218818378201,1.777216
2.0856376135592125,1.6284275
3.6195626070020666,0.9952717
3.9752655460228485,1.248786
4.535430622689239,1.2330503
7.992971355456252,1.8916607
9.831626204118674,2.4730167
5.12678229511828,1.2012424
5.880717654718442,1.2682018
10.491631475312058,3.365076
7.306005462250418,1.7770939
5.9716168726119765,1.3157005
0.9382420719878191,1.5177774
6.008646376510917,1.3143692
8.585848929978525,2.2691956
7.465710582285407,1.7694044
4.026153646939656,1.2007561
5.59416767076935,1.230423
6.57955545513158,1.5268354
6.887454233283005,1.4680386
9.447277555424886,2.8527565
7.442672757659988,1.7446098
4.9219145724078395,1.1863804
6.2875924161147125,1.2449265
9.132291036011104,2.259097
7.29214251915435,1.6142521
3.527450803699173,0.89860153
5.466031242522705,1.2812166
7.120222735890479,1.5440149
2.7869464908862334,1.0355396
4.000590085137901,1.0907059
7.1453278550824955,1.6778631
5.762590919631151,1.085083
7.361595743634087,1.5681896
4.602112758097455,1.2493019
3.760349800447626,1.0528536
6.2764572842544375,1.5587339
3.9373997126196407,1.2191744
5.121607885029743,1.2910309
5.077528029244181,1.1004763
3.654687113803968,1.0210743
5.569362511168848,1.2327967
4.531983422304174,1.2663765
6.204708716601452,1.3803921
5.7551040475427815,1.4264097
1.958507413678948,1.6691198
3.4761131290425915,1.4713278
4.229429059813937,1.0754185
5.731005080605581,1.2311106
4.614271643705186,1.2205544
5.776854047653362,1.4063072
6.380227694308058,1.501831
8.791156938353069,2.2363443
3.3351942010749553,1.1478806
4.6852530212316985,1.3722887
5.825717189538322,1.374629
6.017541132595145,1.3302202
2.045935212393756,1.6398783
5.70690042538987,1.4170694
4.124063795079058,1.241025
6.6571071294664215,1.5901308
10.352713983468778,2.7207813
3.5468350083164957,1.1418753
5.603532367474688,1.3106489
3.3775711305208205,1.1474924
7.095614511515478,1.6149502
7.335210880397138,1.7736921
7.277417440965088,1.7903461
8.11443939504467,1.9734869
5.321988418246486,1.265358
4.228324470233922,1.2408142
8.33063484699938,2.1582756
8.561492296172336,2.3070831
4.1236054233961426,1.0919514
8.121258340536187,2.0409021
1.2990201805030228,1.7904682
7.187000418433787,1.7283344
9.743110453541497,2.6185837
5.015086600427413,1.2420282
6.083813292961885,1.4025812
8.434378180386005,2.0667877
7.32816003660901,1.988863
8.829805111504086,2.2261162
10.726637486252141,2.794548
5.160538160731008,1.1616707
6.34515281713508,1.6630383
4.957028752078335,1.4039011
6.4020974544070235,1.5306311
8.19499356363244,2.248642
4.957110074427959,1.2275314
8.296315231598108,2.0169525
4.649555813486241,1.1982822
10.646420367853644,2.7136755
9.793303839372712,2.716526
6.622848568270218,1.4931936
3.444120607023091,1.1534691
8.008935834846138,1.8167076
4.072405515377286,1.6388054
4.014052960966543,1.1094475
10.338502385607303,2.5675087
5.50910216575171,1.4145699
5.866068895204613,1.5145712
9.47264471975599,2.7788
7.212188381952263,1.6861763
7.505997261565849,1.837863
7.095412127105625,1.6618681
3.0886361369674677,1.5583973
6.218659642659784,1.397397
6.9411967073735745,1.5857916
3.2614096136487856,1.1569042
5.43417302577623,1.5783873
6.474322564400843,1.4757481
6.8293172737701155,1.5694685
6.365164004819388,1.4758997
6.935920289880052,1.6642914
8.684603015580606,2.1151533
3.535325996057475,0.9861679
4.980946327335657,1.2407455
9.29654104618167,2.279358
4.004533845970776,1.4614058
5.0257605734354875,1.1334648
3.4537755620217414,0.9589443
5.7945454106122884,1.2568464
6.6919547142095865,1.5539589
5.328539345225632,1.3579025
6.922981946555396,1.6332321
11.216891344795144,2.7773724
4.789420244872794,1.2276573
7.001939183334429,1.4941587
5.266353257950598,1.214179
4.064203176882831,1.0982056
1.3525745012553916,1.6428957
4.450125977663827,1.1613636
7.028602135309718,1.5135803
5.967889547305399,1.3286266
8.912186709795261,2.3176212
2.9662479558837287,0.74643135
3.5493506295919754,1.251317
6.368402246640137,1.516509
7.5241856802434555,1.9074373
2.8937703365903147,1.6666994
4.217751649101089,1.055975
8.298930298095744,2.0783768
8.732442951311342,2.0359344
3.073953388294038,1.1051846
6.537271557421835,1.4466677
5.4261964658038515,1.2018299
10.48094330805013,2.8423424
11.880926977550864,2.990409
9.226149298692842,2.4130278
3.893814359625143,1.5686436
7.773678587825611,2.2457561
6.732676342383225,1.5812721
5.71739068397588,1.0640316
4.05587138226047,1.7156696
9.810207936493065,2.3171387
10.680541430639018,2.5941715
4.4217033682551055,1.444169
6.65154432527757,1.7003222
6.292923901159078,1.50319
6.573063625819831,1.572917
5.832253131503265,1.2839556
4.361754826752115,1.4441013
4.88200137271035,1.29356
9.836583692728787,2.461378
7.737532201140709,2.0931387
4.020102879642961,1.0766058
4.847524087167628,1.1901703
7.508606816546454,1.776576
4.6159725426396925,1.1871395
5.724036725197777,1.452796
8.063792871111229,2.095396
5.825983269284235,1.3841553
6.741297296408057,1.6698112
8.292929613759103,2.0957813
4.244968666636211,1.485673
4.86066320507973,1.2467136
6.424063905901246,1.4337177
5.265564294237397,1.291482
6.918265739476883,1.224659
2.2047297893138342,1.6634064
7.153799321117027,1.5968256
1.4771994097825107,1.6535282
2.5496121477620797,0.8248596
5.433814652112716,1.0900726
4.205128365565367,1.2925682
2.223418532251676,1.0155134
7.1183215470265715,1.5929041
1.9019245404550063,1.4269667
4.6910693993831725,1.192502
4.755938252310127,1.1548176
5.840980222069689,1.3608961
5.582209403576666,1.2155666
9.582647405757765,2.5070038
7.971127599852352,2.0006618
6.256111923648078,1.3216534
7.023337873758987,1.9154978
7.23293174678329,1.7202463
9.952472865632412,2.498087
4.438072466768194,1.2105246
4.156001599281279,1.3125782
3.7886995786011237,1.228466
8.602079984906247,2.3419495
6.661677964153942,1.4860754
4.531685525006797,1.3016081
3.275135806013207,0.9623308
3.691833901472714,1.0827847
4.291969477456233,1.311512
4.405646358502466,1.2115383
4.345821436068409,1.0355453
3.959449555714105,1.1841011
5.721523136565224,1.402524
4.723079578490923,1.1282797
4.990555374225288,1.2222252
7.092290512513131,1.5983801
5.957903027124317,1.3412666
9.591341738509144,2.9174805
8.72332731609712,2.1790504
3.635914865363862,1.2981253
2.4781260306172577,0.90564823
6.464097614048175,1.4973164
7.029911232219465,1.5977402
4.194271033663629,1.3011875
6.139186473481772,1.4190578
5.5928203882889935,1.3080444
5.203198596821153,1.3063707
4.8302304195922385,1.2411432
3.3421433942489838,0.91947746
5.623373674082433,1.336937
3.7528897635660634,1.2097044
9.305404612402274,2.253893
7.928774556533032,1.9495945
5.848782093752636,1.273572
6.053539480071937,1.5146427
5.3649927106307,1.2262115
6.634740447159995,1.4994717
7.459540775670266,1.6409531
10.466125049685822,2.684534
6.152682717792462,1.4852667
6.057667806272992,1.3805122
4.147851105351554,1.2029428
5.414707240509902,1.1931124
5.924418967910407,1.3836641
4.601328453768176,1.1684608
7.973421753386763,2.0817127
5.346298104091931,1.2942991
4.942757657881295,1.3170643
8.43026719672902,2.011489
11.097166173828352,2.908699
11.729415172882227,3.075779
4.176639999444486,0.98314095
7.1158947919957,1.7009201
7.548061384054442,1.698432
8.692858597975565,2.3854027
5.462908224215246,1.376462
2.538569624972883,1.3713121
7.104369897467738,1.9802389
5.611452024387113,1.1392775
5.344066174479707,1.2586861
5.657384977225707,1.2661495
0.3847107780349841,1.6273746
9.17992305238431,2.3830729
9.100957564565554,2.3844757
4.025559142698356,1.007535
6.767533114157679,1.4330292
9.542948341156933,2.5004654
6.8990765432821455,1.5441065
11.299426145551877,2.7326565
4.9778867570101575,1.1980333
2.1607217633531004,1.642333
7.270458172583986,1.7133837
8.119725699343881,2.1881123
4.852298080346046,1.2437696
11.467512711759849,2.8158245
7.396326857614525,1.7320042
5.01454753596289,1.2032623
2.3515201359922813,1.6959543
6.598550547314222,1.4554167
7.492530121344615,1.8760481
5.321538445229294,1.2916441
7.850926714342293,1.8667297
7.555217950775653,1.6472511
6.236407825724189,1.4317188
4.092760885483628,1.156414
7.659360986554173,1.7017164
4.4952635866735005,1.1893883
6.262523814420902,1.4216528
6.808392554498134,1.4421825
5.770726708509315,1.2936583
4.758194350334675,1.2726698
5.415231285251055,1.3511419
4.577035898489685,1.1220694
4.343495235992686,1.1391754
8.716618492044677,2.0737553
4.588862154759973,1.1234627
5.606389911865179,1.2227192
2.982700605011381,1.3013659
5.931314737761857,1.4424953
7.116559490194891,1.686676
3.222346305662894,1.1369467
3.689641580327846,1.3379097
6.797404774208516,1.5459042
6.102854256182869,1.432723
5.48504161070003,1.3226748
3.9732430344386174,1.0727072
6.5596736486990785,1.5099125
5.639088280137024,1.3479605
5.296902033737375,1.5860767
7.057820978163555,1.6688871
9.031506002612279,2.2148361
6.261109546815867,1.4830627
3.6681094848405866,1.345829
5.1713183605130055,1.2332754
7.618534558970378,1.7769318
4.180010843599565,1.0941057
5.359480232237534,1.4129133
8.419369633126468,1.968565
6.980160711816673,1.5647221
6.233309522667135,1.3089867
10.087655253860628,3.0128098
7.8470667083133385,2.020503
10.521354365145744,2.9236717
5.839057017865066,1.271781
6.226469333835745,1.4420643
5.491241072941767,1.2672939
4.4970425072490166,1.2869492
8.470697042431237,2.1795378
8.33343325680071,1.8480625
5.165338259403464,1.3527012
5.727274678450417,1.2884731
7.324691855687387,1.7134209
5.468300134936596,1.4592247
10.380863785234059,2.702179
7.038579544637198,1.7073946
7.392666064795499,1.8467846
4.563530753573858,1.2407761
4.683027407554883,1.3567781
4.049874809945795,1.2352409
5.964036032148021,1.3922043
6.857885321312345,1.9382305
5.323353774292698,1.1881008
9.385725730862486,2.5753822
6.5036702672000395,1.4921188
4.138282507271343,1.3961811
5.003825270225299,1.151865
4.444584477503961,1.2356596
4.7487559884355015,1.1778107
2.892403255961412,1.8060398
6.044836391189985,1.3500729
8.945402739142647,2.2228127
6.300179703095857,1.3097048
5.547890733322298,1.4671926
5.0201461446960565,1.1399136
8.441295005540518,2.223917
3.9259612696513333,0.97516155
4.910291611538451,1.276638
5.890183672066533,1.2585812
4.738413823699199,1.376893
4.88856108970435,1.2675753
4.810506655414459,1.140974
4.330769057060129,1.4536428
6.741828063942979,1.5894337
1.2741939828862368,0.62326527
6.5694654750234776,1.5381346
8.055931062246366,1.9403973
3.6616641687293043,1.0610943
5.48128308473599,1.3867817
6.765148765336537,1.6322737
5.127647630592357,1.323596
5.371476221147201,1.2872095
4.816059076792667,1.2485266
5.171755891600991,1.4412823
6.831056647527262,1.6718845
5.969787883599061,1.2947359
7.402203518167742,1.7574835
11.669747600672437,2.8225994
7.847670645593016,1.7974033
6.88245787564513,1.5303335
3.742003012658179,1.2382689
4.626510951495959,1.2720022
4.92363787289718,1.2383289
6.253011454375475,1.401679
11.246775383369865,2.9724274
4.1617420702364605,1.1053915
6.98442364099046,1.7590771
5.7855271497559535,1.4139442
4.133260732506448,1.0645094
5.796811677265405,1.52635
6.726442841432156,1.4736061
4.786184031504307,1.154439
4.488893435937255,1.300972
11.423208003269696,2.9268665
3.652554723968958,1.1537523
6.503893932631289,1.5028467
6.802881432131137,1.5508223
4.1672973815329595,1.2691851
7.055527435769086,1.5921526
5.12190270747316,1.1920624
8.013538982231083,1.9275799
4.639824447576707,1.2790613
1.5643620671300074,1.6723566
5.290451077117726,1.2013235
6.67768777136709,1.499383
6.294815648478949,1.4693441
10.629047009487973,2.655304
5.912200888893002,1.4555149
10.200585256022801,2.5910301
7.126496750843206,1.7010307
4.872748431686782,1.2751713
6.130538315280923,1.5316648
5.573801306279925,1.3710146
6.140916666218992,1.5839615
10.416564576463383,2.7626896
1.0265441253884902,1.8272228
4.299209441916059,1.2184048
4.678117430955663,1.2950726
3.772129911860885,1.2007236
4.982901437856317,1.1199226
6.774079168047017,1.5776424
5.643426562155762,1.2796011
5.258980108450345,1.3596325
0.9935426321689089,1.5977039
1.1573226923840068,1.5487099
3.8459152900306535,1.1150179
7.653386575291595,1.8564377
6.957511241289563,1.5606203
6.565172612867961,1.4130278
6.778383789241257,1.5361681
4.5906024990033245,1.212966
5.376022707229652,1.2312088
4.12353351426629,1.3585777
8.288567439989375,1.7058754
6.481447610877183,1.4664516
3.162823437901473,0.83794975
6.060072056457059,1.5445061
5.520537822973333,1.3694258
8.867894224663093,2.0592575
10.852489658102083,2.9961395
6.310975055734964,1.3820715
7.33015057547038,1.6087132
5.145991517259747,1.253892
5.013665774924002,1.1829023
0.8385780190630392,1.565175
8.627754246433689,2.3854265
4.543296733442348,0.8935785
6.514607675268618,1.4167624
7.761055590325999,1.9097767
3.678626385848446,0.7231703
4.428597771054523,1.4391441
0.8392062801781357,1.8712053
6.1654978996637055,1.4216404
4.801537035659402,1.1775141
4.531865448981778,1.149477
10.124330051719987,2.6399517
8.291724144221316,2.2217588
6.705202427972562,1.7309828
5.739499990937215,1.2057667
7.166535841467301,1.6827736
4.477413120858417,1.1897211
5.471071070974816,1.2000895
6.613818072435944,1.6759577
4.150872261049431,1.2451458
7.100570150591661,1.9336271
7.405085584145716,2.1158133
4.965539989322609,1.199357
9.773621889222131,2.8221607
7.967438739321548,1.9279652
4.810742062280864,1.2772303
7.274463326302115,1.5945644
7.081841465403436,1.5543232
4.149756639121536,1.1375027
4.726272892378995,1.2011032
5.078227961396248,1.3011808
4.440187297065814,1.2915983
2.713296536505668,1.6248579
3.782987597178174,1.4035444
5.8545515097075835,1.4993925
4.832138001921031,1.4688263
6.144477996169869,1.3811188
5.203728869465108,1.258174
11.339265849336321,2.9639368
5.965940493329969,1.3093653
8.758865080704254,2.2779303
8.758053010538863,2.3845835
6.859310781895747,1.4162388
5.778343629377273,1.3018675
5.370523567789707,1.264945
4.456139800031936,1.2022448
9.032227515288437,2.2433414
4.407767651350548,1.1992617
4.166730627535394,1.5913458
4.266990977659155,1.4765205
4.47746041993452,1.1815186
9.467255905423752,2.8543863
9.176569064237537,2.2760963
3.3929648926270204,1.0701389
5.209149530591294,1.3025503
4.461602451340884,1.5886612
5.144209815830491,1.2731514
10.48525625466177,2.8093224
7.125329876905887,1.5010853
4.734054164938053,1.2092133
3.3707316995039136,0.9967413
5.1936235598846565,1.2757559
5.175234263849887,1.2136478
2.9735178987075734,0.971756
8.027806453108347,1.9303226
7.089311262841097,1.668334
5.59980967182214,1.2685738
2.615960256575786,0.45685196
4.9228001019253185,1.2248068
3.8327787829968543,1.1573324
4.156951442161006,1.1092081
9.109810620312626,2.3849812
4.002051606773042,1.3793554
9.072945605191155,2.177187
7.253462487466464,1.6609774
9.458012859856758,2.4659224
5.551204020479812,1.2266264
6.694218150651285,1.443469
6.035035353171121,1.3850145
0.042594650286998714,1.874587
5.147942541295333,1.2629642
4.145881731214891,1.1269855
5.578583001163134,1.2996979
7.19265067008056,1.5904627
2.8097944292667716,1.6364326
7.039435930664549,1.686492
4.704236813008791,1.2194548
6.0501143827509125,1.4167414
5.295636815194534,1.2942133
8.968263048443468,2.4692202
4.256753266591923,1.1497145
6.6026200552105685,1.5153036
5.467567211758187,1.3219357
5.765377638700306,1.394517
3.984230867137459,1.440278
4.447822627639555,1.3259449
5.395746452168538,1.353508
8.527620196398662,2.0523129
8.096986430487704,1.9442043
4.68978466363863,1.1836491
1.4898265417768357,1.69098
5.408739878023791,1.2800999
5.252816287774349,1.3515539
8.82380722140947,2.2263727
4.56411252410544,1.4189415
6.61482256681666,1.4334908
6.051162170409377,1.5468159
6.032848322626979,1.4119987
9.41001302562325,2.3815947
5.946242742349142,1.354887
6.525635209631531,1.4237442
3.182658166082227,0.81285095
5.428689529913845,1.2909088
8.598951042302662,2.1183834
4.599679043875213,1.1616507
1.420963384162759,1.5748091
4.669460365814285,1.1989012
7.395100296596901,1.7136831
5.086937598147701,1.3887444
5.336969848034407,1.1948233
3.1341599402703846,0.80905724
9.223583980733608,2.5858212
3.7980645494850975,1.2461605
8.913793286482303,2.087164
5.27302401089776,1.2634764
7.838255390161091,1.8825264
9.73215549803528,2.5663147
4.48098340376138,1.2816114
5.780767949679269,1.4116449
7.770139648975963,1.8641644
4.974254810193472,1.2316952
6.655593608865111,1.4709368
7.404976340691551,1.8189383
3.1262420830059554,1.4764938
8.339604204984475,2.016388
3.1015162317242275,1.1074266
5.37450151385681,1.2273073
4.739946564748072,1.1085443
4.452222204637268,1.0306225
8.016092876569555,1.9785624
4.052757892376823,1.164115
9.062931552993412,2.3523169
4.556816420478194,1.3823538
5.070285035715578,0.99600697
4.956537071485652,1.3433943
10.13800860471029,2.786316
3.700507943467917,1.2469225
7.44578162459905,1.7662334
10.19032480602731,2.84688
4.4793995695780655,1.239253
5.978721543095091,1.3501997
4.643604027141926,1.2042894
3.8765193534545634,1.276412
9.6311826434975,2.5231514
5.2555008077633225,1.2719193
5.208204150882187,1.3154459
3.250135187537202,1.4723167
4.469088706378571,1.2288857
4.722306534603382,1.1592436
8.453392694724574,2.0910683
8.76212983879509,2.3535156
4.495512790444803,1.242053
1.9495954115055731,0.94351673
4.777530212424784,1.2861929
6.67893122561944,1.6154804
6.226381361401426,1.5976791
4.603715948468055,1.1336222
6.692513668635371,1.530035
5.34760943973567,1.2576809
6.348256121207893,1.4167747
8.078481563653504,2.0150518
6.854655529836098,1.4358654
4.538696249610517,1.1068478
6.952341836938309,1.6598005
4.7753433061260235,1.2001286
2.6757061963223965,1.0275335
1.1367779588233144,1.5947886
12.505450585130408,3.6375961
3.621308079688488,1.5678139
8.561825680984242,2.1005554
4.781476618698067,1.3109846
3.9218394647915087,1.263176
2.249021597587859,1.6816654
4.0915266653299724,1.0165987
5.214587798824754,1.1909304
4.039257200893779,1.173811
3.006492828223596,1.2867641
9.067410684182729,2.333416
6.375234705772037,1.5117846
5.2499820371782295,1.2843971
5.625864533734024,1.3691521
6.414444078331872,1.4306173
5.7161030380062385,1.2745495
5.9086987215081255,1.2797289
7.536055685436491,1.7105255
2.2500570392395005,0.96068287
5.900199276937116,1.2839956
4.804126823540155,1.2303476
7.069215069771328,1.6989727
4.179052003562994,1.1555414
4.637160014050945,1.2241955
8.944329199310769,2.2092285
9.402972525139194,2.403492
6.622217728465415,1.4811697
7.058989715077772,1.5885553
7.717812849899154,1.8784847
9.042904721048082,2.3485126
8.451266713456121,2.0530243
6.9547184334677326,1.4847422
2.1751055620875697,1.5363026
9.609402332026164,2.4560337
4.781459703251414,1.3724546
6.703211901327535,1.5042553
3.5588458328402215,1.1375217
6.768301111304847,1.5711737
5.055598640318442,1.2356129
6.52371486958938,1.5360298
5.953446115402031,1.3004627
6.97963869798053,1.5457973
5.4588052336061175,1.2005291
7.6225042190272525,1.5135269
3.5085841141929333,0.9758291
4.085776318522004,1.1591549
5.791497370518565,1.2443542
4.876617444104488,1.1157894
4.621861068909489,1.1195755
5.096327216452655,1.3329134
4.4717240630547455,1.2743549
4.643179630301345,1.1229792
6.128969249139427,1.3900957
5.295064180295391,1.2874346
7.600374601056668,1.7729445
4.977743425057561,1.3314495
8.700623649191368,2.2251005
7.800764861609551,1.8839064
5.191999441343356,1.206872
9.503134107538411,2.3966312
0.7937100447115419,1.9080153
5.819845759085373,1.3565121
6.884073736535598,1.5940466
6.099965969386528,1.3759584
3.3110624598903957,1.1844978
3.9541298572607726,1.1376934
4.698036231683867,1.3849125
7.405054176587004,1.7147322
3.9226348058547558,1.0377398
10.566044452507242,2.995699
9.98964034966869,2.609105
4.232150081563075,1.0625019
4.200606766977588,1.0972748
4.579193719293022,1.1624765
7.752649955102164,1.920969
7.116818297987013,1.6513958
5.570440553662301,1.2472
7.951478425723174,2.4720259
3.881421563785816,1.5288973
8.59825428085868,2.140914
6.024497623171367,1.4298
3.1959822318451536,1.0494967
7.304248298888943,1.8212681
5.438902992849307,1.3503685
8.830512993148567,2.2100258
10.589791272519015,3.4980345
5.81964877946019,1.3288193
7.586620347830394,1.7365074
6.136810098644329,1.3757553
6.257109492858177,1.3096218
6.636400079154662,1.5596514
8.411963703307464,2.1112328
4.890227721951387,1.181736
5.356124760090617,1.2769814
7.504826175463453,1.8268223
7.3696868182741575,1.8421583
4.54394364342995,1.1852999
2.951159709552389,1.056344
5.973488170521609,1.3246336
7.00964358708805,1.5542202
3.657775247949969,1.4179935
9.571960207348475,2.7015152
5.932734116411304,1.3324976
8.434423762029791,1.9945564
5.9129436597375875,1.2581692
10.9221788027636,2.924755
9.78672585196227,2.5179405
7.9607458736335595,1.9501877
8.635141789970682,1.7461166
5.289578236708392,1.3595514
9.066929192002796,2.3271275
3.707603168402308,1.175498
4.51619667039189,1.1369028
6.0619545629235425,1.4026394
4.792558580347231,1.1108332
3.7369754413582097,1.4423094
7.9432887273083,1.7832222
4.974993262237048,1.0577011
7.426986616160498,1.7140322
1.2793467140853636,1.6511927
5.780190312653023,1.2644424
6.540156734095955,1.4965973
8.97937663992061,2.4177752
-0.9140460998965345,1.4965863
-0.1737678028056866,1.7059293
4.974367073835619,1.2801752
5.758949651772031,1.2607307
4.124364722331938,1.0566254
3.672316678430361,1.1049013
5.779857228655276,1.3597126
5.5001221106424225,1.2923012
6.796050962874016,1.6935892
7.627321428046816,2.0405226
6.17594243371018,1.4583302
6.526843593551451,1.524128
5.772098007043381,1.3212166
7.37830594427437,1.6191311
6.426747495728563,1.3440018
7.143255671304569,1.5762787
5.310070028559716,1.2099171
2.2007448616400502,1.5272169
5.853473734139175,1.2729492
5.89172966663569,1.3114223
6.65549568690308,1.3712015
6.247203796501651,1.3858871
5.182238978372354,1.301672
6.584438607742605,1.4805765
5.4415785047477865,1.2718945
10.39882390204708,2.7457886
10.9568073896641,2.9697819
8.25614123560798,2.0180807
9.488659125103268,2.4466667
5.514971975789061,1.2558107
7.00881578544675,1.4420395
11.166950499655016,2.8425474
1.6804987985348188,1.5890999
4.603738955083557,1.1310873
10.536244536436996,2.6454468
9.370837651273224,2.315528
7.192369149767178,1.7228842
5.5846773558817056,1.3906832
4.686309913515377,1.0994062
4.2879234879901595,1.1692562
6.200040026565691,1.5448799
3.9609506511253425,0.9154177
5.577033502871425,1.2194843
4.757578912329862,1.0962191
4.36179247890813,0.8291478
5.985626476595138,1.3368835
11.441566306597394,2.898571
5.408973689018014,1.21982
9.384321645334946,2.2558098
5.8121193138277185,1.3641386
8.615487567958574,1.8738136
4.833415915891374,1.1052847
7.041278987362507,1.6388731
2.8453591361572936,0.6035042
4.463461375610599,1.1558514
6.928550416062404,1.5127697
6.554686730983622,1.3875427
4.212016532427965,1.1449203
6.327240168941689,1.3957043
7.252928272487395,1.6404333
4.87457224748063,0.60811424
6.259932956432781,1.3532944
4.381640409844298,1.0188103
4.5461878650655265,1.2223291
6.494755298705076,1.46525
4.078581189023675,0.93991566
5.775933500343635,1.2159338
3.4899128136758026,1.2722807
6.883703716543327,1.5776434
4.991660989286695,1.2280407
4.864544939245121,1.2208376
6.220517348079266,1.4378061
0.691610649849018,1.6711531
7.019754597835714,1.4769688
6.32703803165905,1.4492521
5.957009692787016,1.4961281
2.814462930136104,0.74743366
5.2736602360368465,1.2291641
12.031893050857025,3.0059834
4.52446732641066,1.1032972
7.985001872067315,1.7215462
9.631998108777392,2.6480865
6.596679623829271,1.5261478
10.02986458869006,2.933632
6.116369005528949,1.3050833
4.678854572419821,1.136589
3.5109545953727057,1.5044737
5.0588200972574935,1.1994658
3.6424597800215004,1.2923479
13.014414416340095,3.58527
3.8367625294243535,1.1085501
9.011764168644277,2.3037148
4.33292853376425,1.1719351
3.7531022435174695,1.343153
8.54756322946989,2.1679916
4.157399205754729,0.99262714
3.74625752961847,1.302845
12.054301297703834,3.0384674
8.858165606243158,1.9215565
7.530733305704171,1.6395321
11.452701800832465,3.182476
10.743371535327505,2.8694973
7.91790487952446,1.9391384
5.813594329030186,1.1994896
4.911980434064198,1.1930962
8.069438622896318,1.9507313
11.479520046747044,3.044263
7.571375209109451,1.8247137
3.40242834424955,0.9160385
5.063003249590777,1.1763468
10.0979711947497,2.3855724
12.015990887630863,-0.030565262
5.181465488244241,1.2170734
9.346489619648288,2.5429096
10.104876019096533,2.7561522
7.4123032338676325,1.6882229
8.598655033721478,2.0846624
9.312789529663593,2.593954
3.1783456923076088,0.9276333
10.798639355602617,2.82092
4.197014508255268,1.0658226
4.302390612074552,1.297617
8.845290245450048,2.4148846
6.5881610753784265,1.5096874
3.637693187664233,1.1139879
5.303400384975225,1.2713041
4.660391933479907,1.0930834
11.749715806824252,3.0277843
4.228499871240897,1.0928249
5.586793741707687,1.1954107
6.800597910711371,1.3976688
2.272556679773084,0.6528244
5.019915485047436,1.1808252
5.399723121672089,1.2499847
6.816065736340917,1.4593077
3.04002732803821,0.9535799
3.3838478571086927,1.0139112
5.058609728153552,1.0919418
5.011938815134723,1.1943216
6.727045399469272,1.4193106
4.209518062629316,1.0247288
7.322714529704577,1.7948666
6.213119634870608,1.19065
5.7052053813528705,1.2402449
7.392798245381709,1.7312164
4.981464284023112,1.2206507
7.922765338205046,2.0258598
8.60003473335211,2.1925879
9.887368192073819,2.7177954
3.276450170641917,0.8143053
6.879431777126694,1.4457846
6.923754589305016,1.5405312
8.101592981918827,2.0320072
7.774787028351156,2.2127533
8.197960756333401,2.2267342
8.631514578472803,2.2581482
3.075420289279659,1.1730356
1.1184713770650454,1.6201763
5.176376885262032,1.1704941
6.654373632140921,1.4154224
8.344010016529065,2.1144361
6.601758390327163,1.3419008
6.649139074955418,1.541502
2.597499099812861,1.6110668
5.774124461238058,1.3340664
6.03832701977365,1.3921003
8.526465572531762,2.0946217
5.145856987212319,1.2306662
8.821835462347778,2.0830593
4.093820058696837,1.0218716
6.393254839742674,1.4406509
5.566149696569415,1.2594423
5.637080589848159,1.5088139
5.6659764665320385,1.2378063
4.289351342441728,0.96345425
10.482982728941785,2.5574036
6.182973149112719,1.3895597
7.186406829438372,1.4704828
6.294968900643553,1.3315058
8.729282495207734,2.2049732
4.445705603263248,1.2205315
7.807671530795936,1.8738279
5.978404816583794,1.2030163
6.168775453325058,1.4072676
5.652164339773176,1.364953
4.821670096508939,1.0652714
6.291674970741607,1.3781033
4.983280163935602,1.1420507
6.136869377031637,1.3462992
4.559068716274828,1.1414547
6.341786177102826,1.3745451
9.92300869848986,2.5076866
4.509198685381884,1.0714788
7.180645939965991,1.6774511
5.936061731429783,1.3802795
4.846612842890352,1.0924816
9.001135725087057,2.3955307
3.875679064292113,1.1317568
7.132541393513318,1.6321831
5.150054944003196,1.0994339
4.460917627392224,1.2282782
10.132307596515318,2.3487225
4.357411641998128,1.4825859
6.105369266556728,1.4192858
4.904012571913855,1.2336674
5.834483849556504,1.3987255
7.525632919233651,1.8411417
7.1439273930716425,1.8387012
2.385323936595057,0.6509733
7.781444870031752,1.757123
8.9582799324941,2.1741695
8.34859069955931,2.0708952
5.510459181949267,1.1739292
2.2313289972807304,1.535779
4.1628267772113325,1.4304895
5.644296784080954,1.2232132
4.304140905007927,1.2705145
3.098456657263039,1.1621761
0.21946881418805653,1.683032
5.609244617175715,1.4502544
4.271301874221734,0.9784384
4.127881160069288,1.4275436
5.707425056278666,1.2687817
4.335977239054547,1.1367702
9.330552646047032,2.6925545
4.354962277419579,1.2656803
4.357139206324492,0.9787731
5.076464553704149,1.1354036
2.4132145418959343,1.5876503
10.367144736359982,2.9491806
5.640791594681398,1.382101
6.248786109156335,1.3980083
3.8025941246681434,1.107254
8.090012191543998,2.292551
8.60311489194768,2.1365032
6.6233973709637155,1.3537436
3.6001647370799272,1.5303211
7.578745773213498,1.6727037
7.150133978710926,1.6454983
2.4665617300802065,1.5033464
9.559515156264588,2.49938
6.335678912509302,1.3568058
7.014266626250233,1.5757656
0.5515242739389805,1.8898592
5.654166148558463,1.325964
6.151970967968811,1.3551159
6.959754033385728,1.5981388
7.188279751396983,1.7490673
10.578775193621635,2.7901115
5.206460733487761,1.197176
5.305217181029795,1.1866531
5.94690762251852,1.3891087
8.162396335473257,2.1207943
4.303016482316,1.1843176
6.642778262933479,1.4609623
4.820564800811811,1.1298714
4.186935862402674,1.0748148
6.843237768558847,1.5738916
9.2105088453601,2.606718
5.99859945258704,1.3131227
7.535371812502625,1.7656622
6.4279819153963444,1.533453
5.9268480856977295,1.3209629
7.422515386374965,1.7109041
6.557410453627021,1.2079582
1.894421395482107,1.6806431
5.520029448259821,1.2900038
5.902198867639523,1.440074
4.882468940798539,1.2426205
6.1559696376136515,1.3603315
8.381556336037733,1.9883757
4.5457445602311175,1.0578547
3.621202517490895,1.408081
5.022073952958118,1.1469698
8.491920114649051,2.083929
4.628952073290925,1.0811138
4.4348389951576515,1.1034546
7.0259896464162,1.5204506
8.534722071613722,2.1825886
6.743964950544878,1.6065807
6.553964285612832,1.6351738
6.581285318020591,1.6957369
3.1486548729277235,1.0763054
6.589262669771724,1.8380547
8.62364999911528,2.4000301
7.695251582559944,2.0150814
8.002693817362662,1.9489136
4.80732626719208,1.2252512
4.722420657126991,1.2331381
9.335509085499208,2.321
8.69384805729183,2.2312021
3.3547163623888796,1.4416656
10.27883312259863,2.2147083
2.820782196256996,1.0005779
4.365553525179902,1.417902
5.176373761883749,1.310955
5.482256367419467,1.2752218
5.021131314940565,1.4227057
5.41113731254806,1.6563244
6.1096828193818595,1.4026566
3.8142575615509084,1.130022
7.127269282915805,1.9478712
4.780738942548572,1.2585688
4.095680090026887,1.2342062
4.331737450677943,1.2429276
6.023832856866967,1.5277491
5.3061288545561975,1.4928112
9.81978230322704,2.525034
4.756803990062156,1.5520668
5.74163193771038,1.5791044
4.8731643907545035,1.3547773
4.088991842955588,1.1976681
6.403869652691963,1.5717764
7.524246928837783,1.928751
4.360746373139438,1.6842079
5.390934229274455,1.3902731
10.093567559820812,2.6402054
5.463045817609277,1.1877251
6.842240456807968,1.5597744
8.798553522441622,2.2151976
2.7875642360936457,0.9177208
4.580617901933552,1.3016491
4.684915273881574,1.2379074
5.487793181531126,1.3705244
9.135853930296562,2.5005283
11.23121108838307,2.9998817
4.964831806972082,1.3925877
7.409911602805796,1.7486086
7.263984876483349,1.793314
3.9221367940295373,1.5705652
10.537553088145845,2.8955212
8.393248153038705,2.0472975
10.272788459657093,2.7627296
7.669959426227443,1.8024149
5.44668358020898,1.3867197
5.743137508359883,1.0401525
5.267913962896937,1.4479551
9.085132605210028,2.5400276
6.709890514677699,1.4787235
6.140453882815905,1.4443016
5.328753650786741,1.3410587
4.953211229086046,1.349616
5.906551079805901,1.35643
3.0163479860811684,1.2792988
7.7471293431451365,2.1434536
4.013157096511883,1.3966818
6.979517785596446,1.5104256
6.115470543564925,1.4630785
7.682550868839041,1.9229145
5.117140748091124,1.2159986
4.375229092428194,1.4634848
5.598864389184117,1.4162264
5.2509095700826585,1.4240723
4.730561745588846,1.2199907
3.364183805961705,1.1049318
8.084914802419142,1.9669895
5.95855034420925,1.6195459
5.308938966850311,1.2697668
8.079035345179804,2.0805426
7.942243814026071,1.9288082
5.433147589050275,1.323412
4.021739946826376,1.2010813
6.782422885265472,1.5465384
8.414870983183249,2.2590446
4.006575867592478,1.3615656
3.830758786377306,1.1055689
5.002461992621111,1.2264767
5.12416649899901,1.1707344
4.9539232591708995,1.139575
5.72554176638201,1.320591
6.747998421483395,1.4952431
6.245516256310157,1.4802551
4.812828366934937,1.4160299
6.415439213087286,1.4428864
8.246642775463854,2.0031796
2.9694640624576873,0.661129
4.5067257748338285,1.3131027
5.853421551080189,1.6294651
6.291893928130548,1.4275885
3.261701370087854,1.188859
5.978580598788007,1.333724
4.549376305638191,1.1621904
5.019917072964329,1.2776861
3.7311188984108288,1.3061848
8.503921016924743,1.895566
5.158173194265917,1.3747215
4.658752676129533,1.2635002
4.6519978647373375,1.3397589
7.119216268968895,1.7266684
6.591063970188106,1.6075926
6.79738443416905,1.5752144
10.345168559059552,2.7509222
7.313306193395551,1.865551
3.8107686654837263,1.2000799
9.101156222234142,2.459753
3.7319171334536936,0.98447514
6.423259278744148,1.4827204
4.277307506200319,1.2143784
9.40394634212543,2.566187
5.379787450047861,1.4345636
6.012851779580586,1.3395014
7.993289888535855,1.9652405
3.9481384558680475,1.2429028
6.621352214386409,1.6068115
5.306200759932935,1.276681
6.500778038564455,1.4923964
4.277152535597741,1.2142296
3.1953660246180142,1.2447586
7.245868819199856,1.7649937
5.626936654868469,1.3525162
4.475122002166636,1.2118254
10.582183391697662,2.5911503
5.965299774975888,1.6863174
4.709963193202212,1.3129997
1.0408643395816473,1.833107
7.103056995647961,1.6233053
2.409946100652421,1.5961151
4.1956887903863525,1.2719555
7.6390123526283915,1.878869
6.726547614179154,1.5893965
4.505206128329965,1.2398968
7.985829924048481,2.0357904
9.75524050486409,2.6312904
9.506260536522692,2.5208178
4.978507366452369,1.2469292
6.041001456475289,1.5024643
1.2899284527190797,1.754302
7.286180295325458,1.9577408
8.76282130828023,2.1965075
1.645404755672514,1.7703228
4.0848263860573795,1.2413559
6.637810020836021,1.5197
3.6184443980841063,1.3840694
4.956817600038951,1.2047911
8.45768280574648,2.1638994
9.784755344873663,2.6310387
2.3913272109806023,0.8248205
9.030662742476927,2.2231312
7.5290347373365805,1.8224106
6.193239102375777,1.5176992
0.88464996531828,1.915803
5.374257250680463,1.2173405
1.6790555650660615,1.7616386
9.485664892738047,2.5373468
8.503250525932028,2.097252
4.661831339492096,1.1992607
7.255433670751341,1.7868633
8.428653395709308,2.0446873
1.2009373957277791,1.6640587
6.97345703076925,1.5612202
3.8809559473621444,0.99831486
6.203226272916993,1.4122753
6.291814446102915,1.4065838
2.9450238152493604,1.6825705
6.2031303585368605,1.218543
4.769246201213187,1.2493591
6.227686471670403,1.5209951
6.704509281892879,1.6482115
8.709935250410663,2.3854876
5.542711788592147,1.4054546
4.596796093284837,1.2177896
6.2476037343849455,1.4128027
7.523107247730298,1.8915806
3.8809752791696734,1.0735874
6.574809158187154,1.6093092
8.994765316513252,2.5363178
11.65399516229271,3.020341
5.3031804888907,1.2297058
1.6253058441320256,1.7322922
5.711518742630716,1.5353565
9.406567513874265,2.7038956
7.855224913697608,1.8101635
6.227424346211453,1.5637283
4.896924904922113,1.784565
10.526445095059493,2.8032932
7.460927338152253,1.8668108
6.310017174903027,1.5726852
4.452912271400157,1.4748583
7.840913574466956,1.9303589
5.191954753660349,1.3469353
1.7172807706249085,1.8602533
6.0243252092310655,1.4837456
5.828083139896274,1.4914703
5.2975956291641335,1.4073734
5.499334418978133,1.4273214
7.767113849937342,1.949048
9.753346797648678,2.4754257
1.799441163163106,1.8694353
8.37949955575294,2.207428
3.356731280970088,1.6241102
4.544067682560673,1.3843946
5.842128563395587,1.4830093
6.364484031005162,1.620326
5.723042476982499,1.3171062
7.4573586462931445,1.6926699
7.469902024839641,1.7915735
7.694477872197908,1.9147997
5.435223048110977,1.4729042
5.496199442732543,1.383419
7.132488202982714,1.6194668
7.452195946503469,1.6796665
6.17274358611844,1.3710098
5.203921178925132,1.1869373
6.254222503592462,1.4631138
0.8402008083859602,1.8714609
5.923714214392648,1.6095982
4.057474386558839,1.4868088
10.482699925716084,2.6333618
7.059464297272008,1.640377
3.2943518040569923,1.6118164
9.182960481971232,2.3573494
4.030091988647692,1.1337624
3.7940306523852847,1.1271381
3.811849998071029,1.4011393
6.925051816276834,1.6068277
4.1580878527420655,1.2426624
5.095511377275033,1.272953
11.84529556994044,2.9885902
7.832019863816299,1.7406158
4.617771796837461,1.4673891
9.124092037404907,2.488964
7.171191073951718,1.774086
7.850197060209521,1.9203873
9.725698505704358,2.8094978
8.796231557449623,2.1554422
3.0538480277253903,1.6863451
1.4964832757928317,1.7624197
8.810116312983538,2.1732635
6.108166707103624,1.3841667
8.380900561303548,2.0481424
4.246100275936268,1.2296247
5.6033010212240235,1.4770079
9.450496843984833,2.5343456
11.718440981398288,2.64081
4.919591120526812,1.4115219
11.462617871457535,2.931364
7.938028365514658,1.8991432
3.9357686178568816,1.4125662
5.028161194342129,1.2834177
4.054995691709893,1.1387348
1.0846409653009275,1.7459393
7.656045393665185,2.141447
4.286105351966858,1.3798122
3.8420474226831907,1.2082357
8.318697306542312,2.1031122
8.960989962587,2.68021
1.7732063116004646,1.6825609
7.329027259128363,1.7504349
6.0923945514150795,1.4544783
1.7371580579298023,1.41574
6.433240920108219,1.4908037
4.195002766920039,1.2873173
4.755668207167188,1.2091818
4.2545706419146185,1.2904711
8.592482166642004,2.0962582
5.234968803174596,1.3120737
3.9359642228926965,1.6154137
7.614283538912982,1.8776016
4.308526733316992,1.3929701
3.573441642792533,1.2953844
9.458121736384069,2.6226587
5.826252589674198,1.4464712
9.23534301106243,2.3768368
10.892159311521517,3.0958233
7.144511011573709,1.7455158
4.670252273608389,1.3878555
3.3998216081446913,1.2763433
4.015052053057929,1.2395878
5.668029959322743,1.3535137
13.226875953359208,3.7164526
7.954521906485805,2.1138134
9.880699032452313,2.7792473
11.777970217130893,2.7808867
7.276273771945341,1.7251835
11.543362767470093,2.6988535
5.845930333866644,1.264636
5.938237021712801,1.3918676
8.768915231816496,2.1293736
4.9739475571770075,1.303196
4.60953077683542,1.2820911
8.885281081064608,2.549776
4.885933103593553,1.3749485
6.6707947899600235,1.4162483
6.356123860936933,1.5174971
3.769655794189818,1.2763777
3.6687138018697496,1.4384546
6.0987114802678555,1.4606295
4.963347014115998,1.3574343
5.838927661740074,1.4621811
7.815220801986467,1.9077091
4.8366423566497865,1.1926775
5.010113747147711,1.3644514
8.37261347542082,2.0776176
5.676288241001892,1.4257221
9.153812905221965,2.353859
4.255565190169424,1.2383242
1.5103557289333018,1.739193
6.569818472315518,1.5665836
8.942908679636812,2.3407507
7.287619446045689,1.6800709
6.1892505542705045,1.4708576
11.483799601896347,3.0229473
5.345772715036022,1.3587065
10.114175064703737,2.7109032
5.771113491335154,1.3740902
6.384312459573902,1.5587397
9.493873781000147,2.3348894
4.459542383011891,1.2072678
8.742398759451888,2.402072
5.911743472221218,1.3308487
8.191401300624804,2.2941084
4.524771471016763,1.6018124
7.326420251403093,1.7841301
5.723212016621037,1.339632
4.073096014449748,1.7079716
5.378720141412176,1.3181667
5.717540133932983,1.3892479
5.877084848511773,1.3905659
9.184565200031752,2.4550276
7.999415902582111,2.0461712
4.466936797558164,1.2855921
3.4894768856987977,1.5998116
10.85603100640817,2.6993752
5.454106853800177,1.485116
6.58275268062016,1.632225
2.96062536176003,1.6915884
6.186455929373341,1.4584513
8.79090854356976,2.4141922
4.574038100110897,1.2864647
5.66551266550278,1.4332294
8.144156411240601,1.8720169
4.546742419112711,1.1702766
8.1749810522272,2.1597548
4.537416546453882,1.5164852
4.048225077478207,1.4732561
3.929781040024242,1.2581196
5.716145743231095,1.3313141
7.813454469294385,1.8799305
7.460019901291858,1.8354712
10.892913716238688,2.94417
7.8080975282645255,1.9498653
7.702421412563936,1.7153797
6.729177319269102,1.6077318
8.993779559810676,2.2899818
5.628666449153052,1.5949173
3.6512028309366205,1.4110737
2.556436325058346,1.6293077
1.9082620926781093,1.7087631
4.041686259108065,1.1201344
8.66097571901808,2.0511017
4.8164443237682875,1.2936745
9.932374774811308,2.8039532
8.085529753683247,2.1321716
7.432333509598564,1.6347942
6.9803795212541075,1.6621923
5.093645305944243,1.5688725
10.418426446896262,2.8061838
1.8429051263111198,0.60119057
-1.2567307622547759,2.6816607
7.60003311569983,1.8274059
5.431663693175405,1.3815966
6.071266633546074,1.4528732
4.599151588622046,1.3368692
3.236554471769997,1.2747011
8.100326304860033,2.0899363
5.514521478929867,1.4682875
4.536445321615734,1.3956671
9.630732805929348,2.3171377
9.077458341299447,2.289176
6.1175066090327945,1.5069818
10.373848273700634,2.5239677
10.18684981054761,2.539857
6.842495533848211,1.5754223
4.673465215641716,1.1927004
3.4469990545569154,1.4382553
4.191993592584286,1.3436232
5.670001707255839,1.3261671
7.993716782042171,1.8188725
9.744666498853022,2.6458483
4.682682006547717,1.1908703
2.6884421120823223,0.7829857
6.475703903663799,1.5486889
4.70455134261992,1.3892584
4.025843504577386,1.2547274
4.6783519828897795,1.2643375
6.112246575948731,1.4841948
5.677022676458861,1.4677811
5.934667691422854,1.7537899
9.981887132456755,2.7194796
6.434719213898013,1.6028452
7.9295625984730975,1.9071198
3.6212350027216615,1.2950296
7.267111965275937,1.6931562
7.084084156748389,1.6048021
6.148306230537045,1.4936628
8.790487475182594,2.1099873
4.073227280141975,1.7957315
6.3883002396426,1.432663
7.121452253585591,1.6653194
6.609582052451131,1.3841467
10.186422829052397,2.6145382
5.555353159256526,1.0292883
6.528391446368161,1.7119808
5.99202767209864,1.3722334
4.7583985140166405,1.4198227
8.935305180915943,2.3752556
6.513493573963039,1.4524345
7.508778096593815,1.7049885
4.600292620885499,1.2799568
7.629921660970211,1.8773661
3.4616611954620513,1.3079128
5.951739288631289,1.4613886
5.239356305433827,1.5322409
6.331896930024367,1.555048
7.507656686060457,1.7612228
4.404142991188788,1.6982412
6.171801336923792,1.6045389
4.414270970827696,1.506854
5.030831507697698,1.290328
6.036877372245616,1.506299
5.581002285295769,1.566144
4.976584820991391,1.341219
3.979361499532608,0.98303986
5.475561215807772,1.3356352
3.0808131771323293,1.308569
6.8292309154157,1.487814
6.293443053944575,1.4764624
6.440356475286336,1.5847816
1.5641598604932803,1.6889181
3.7808931282429903,0.9868059
5.697774718402684,1.1742525
7.897414273453336,2.0040712
6.958214971601738,1.5074711
5.35167082847005,1.2783432
4.538398793447337,1.3301477
5.8750931957313455,1.5704184
4.159152231102739,1.2739897
5.72240539722328,1.3389215
5.86174689893091,1.3446989
8.53324021047684,2.1749153
7.538868183096,1.9476833
6.847812514014393,1.7151289
7.533348423774051,1.7514296
8.778293611650085,2.2787933
8.38618941720864,2.1138678
6.32352239147604,1.4808474
6.4400561852358855,1.5639877
4.195905420759631,1.1903973
9.79037078134639,2.5591621
5.285424873037751,1.3531332
8.101992629187496,2.1137772
4.2319349123850465,1.3899174
5.06655988106391,1.4454718
8.555194229656717,2.1886377
7.084875919691957,1.6515732
1.595548173020413,1.7114134
5.646152805484421,1.3445568
4.617410955619791,1.6712084
5.036439408011201,1.4142532
5.592067831115356,1.4449139
8.463125101311025,2.458437
5.0147918984566395,1.4190798
4.564976651506491,1.8323059
7.243638493500409,1.8315659
7.827051047792761,1.9349871
5.281215409315479,1.3028679
10.332221365633,2.928937
6.8725909453636085,1.4445162
5.289412173162749,1.5299025
6.126465723976029,1.6241817
4.788957236077799,1.5676012
1.294583762661441,1.704833
4.73678402478706,1.4026384
8.923202049449174,2.3705845
5.615347758665841,1.5433683
4.344643148237051,1.257658
6.31960054885435,1.5153933
6.163666212874382,1.4788074
3.547672256828278,1.3108282
5.351620119046856,1.394701
4.667529278946146,1.4025135
4.935323320442814,1.2920141
6.644874366808956,1.5920868
6.291837469384408,1.5000963
6.639650326034481,1.4548702
8.711084842444624,2.3612719
7.310866065357601,1.8320808
4.6836833889924705,1.573329
10.380382116005833,2.4371786
12.69796309248482,0.27453613
4.822859526362203,1.3888941
1.7886862867766151,1.7463226
7.668171289555602,2.027482
8.02064794450829,1.9974079
5.938151412078797,1.4640045
7.413667005179956,1.7301826
4.298203596038418,1.2576323
4.866689598964145,1.3231392
7.73357811373636,1.803709
6.956153423815849,1.6866922
3.1095689084026876,0.58853483
4.060992374608,1.3263931
1.4221853231792565,0.23240948
1.8535109294625123,0.90198517
6.36403426866557,1.4708414
5.143791939751118,1.2921724
0.7609509112498252,1.2865059
5.225742415434013,1.4233427
5.262506415785291,1.2830877
7.56470448749117,2.068283
3.121905773192326,1.6027308
3.405188263180861,1.2604389
5.306481965371953,1.5380802
3.9505659936049238,1.0729065
5.21546945755269,1.5142536
5.4353290337630895,1.4171791
7.394245747987252,1.6987257
3.015565913341687,0.7053199
4.23649011509414,1.2586756
7.780713372004424,1.820612
9.206616548380936,2.3355703
3.0895484412489402,1.0586872
10.691333066517664,2.808424
6.745523848396587,1.5808372
6.448334346422762,1.5133772
7.122561186209836,1.9306755
5.976252335439929,1.3773279
7.72757321107542,1.8775148
4.502447646483139,1.2404985
9.370485787326245,2.4440184
4.892086145598487,1.2805443
3.0001130896916077,1.2116098
5.468209973589831,1.5610914
8.096332984647397,1.9351645
8.728757368756629,2.2963905
6.491069882291406,1.6086359
6.761014601389629,1.6269789
9.277864910414266,2.5535173
3.6473472120004544,1.1796255
3.9276307217879474,1.1335936
5.746840994327718,1.4094172
4.6639152845271,1.5685453
8.825614573704502,2.190054
5.254245493177185,1.2357931
9.312816130236463,2.756648
9.648459022047877,2.5316963
6.074635431945989,1.4818535
3.956036593213531,1.1039047
5.292510871099882,1.2751617
8.654395277523669,2.3082457
5.332575401462064,1.2603741
6.8376829640205905,1.594532
5.439421533329618,1.5085583
6.616588236713692,1.473669
5.51370397316491,1.5361948
4.070875845905709,1.6810179
2.8629531970258046,1.0038023
5.4017916259154255,1.408761
1.3703718833830543,1.7106199
4.444007520729151,1.4430695
4.300439198191411,1.1415453
6.900034559107905,1.7045593
4.5677106114109804,1.1698322
6.677186081031962,1.5138159
7.703472445769641,1.9260521
7.672091903057559,1.7614813
9.597716089189884,2.7229347
4.792990903375957,1.3018818
6.526001874084045,1.6480961
7.901071827465191,1.7728233
6.593556648823139,1.5487003
8.106023717793551,2.2169971
1.747577770591171,1.7103243
7.155103165589093,1.7234192
7.648459629874338,1.8620014
7.668553230861082,2.1146116
7.978766973214203,1.9049568
5.641799407963616,1.3809414
7.762340105094623,1.922554
2.6189024673674837,1.5828772
7.140779482927929,1.7422209
5.215027490660232,1.3755474
0.8945030702822123,1.7442479
4.864869325362227,1.2954168
8.348625709136222,2.0870628
6.211334455617049,1.5642948
6.922609884198721,1.6393414
5.077574296595506,1.3712311
1.371696433758439,1.5519676
5.305273844361144,1.32652
4.959671032800783,1.5388813
5.937996745454054,1.6190319
7.37460002500212,1.8759775
5.893577435215857,1.5576811
11.19367259492105,2.863657
4.953864141620533,1.3957968
5.1860223007309845,1.2721682
6.716168569256887,1.5733061
7.369905626580362,1.6747475
9.878376241890418,2.4810162
4.272248330150564,1.4169941
7.044270067485023,1.553463
4.870372856572089,1.237958
6.728493912167657,1.5860863
6.346112289768193,1.571784
5.811572583151779,1.5792065
11.227790214129733,2.9555721
4.7657561030089735,1.4736547
8.113008832506434,2.0593758
6.98457664135789,1.667037
11.332585210653892,2.5605354
4.014120434188593,1.638011
6.157331617677908,1.6602268
10.742596993806522,2.911089
10.436608064956843,2.9728127
6.60388915299006,1.5384827
7.844966722764397,2.0116148
7.6858816145559885,1.7510462
6.535861336990763,1.6851425
4.9680271654628605,1.3259926
6.96836754217939,1.5095959
5.807501525751389,1.3677521
5.576840669747321,1.320344
5.790240492136617,1.2578907
10.206711882998142,2.6212587
7.62183049724376,1.9198837
4.650408611053432,1.2051058
5.962027940524804,1.3420563
8.003952817691857,1.9689817
3.106740206163934,1.9419842
4.330926330891932,1.1397276
5.546806674149364,1.1860199
8.905384672228152,2.450098
7.925537319570019,1.8823891
7.991277635951096,1.5460243
7.032558061810718,1.606453
6.377312791955173,1.4824448
6.371730252236745,1.236804
6.897852585078123,1.5534258
7.612562037601098,1.8742695
8.834163890086629,2.4188309
3.901879004461968,1.1823816
3.67087279895312,0.8253689
3.9093131601971773,1.0581636
4.751944094081784,1.1564264
3.68900516194995,1.0444956
5.514817635101824,1.2158165
6.6607005268320165,1.5046978
6.097335451769329,1.4600048
4.611924692308911,1.295579
5.504972593242702,1.184042
9.846254320371834,2.641674
6.869520594768904,1.522562
7.873351243215698,1.9137669
4.1364534438224165,1.2611065
4.310814905876677,1.0712967
5.146959316024427,1.2190332
3.8517351331487824,1.2309933
7.050463389607643,1.5326796
6.2576570590819,1.389267
5.994845713714149,1.5329046
5.964079226215748,1.346981
8.032331947145646,2.1446095
4.2167295555669355,1.2515888
7.743897539768245,1.942689
4.933147937735129,1.3103695
10.717264220767902,2.8473225
8.148351450442846,2.1056128
5.875136487299757,1.2611017
5.579014529956005,1.3129206
4.662280776154169,1.2686424
4.101929714231288,1.2263985
10.15641626343291,2.663395
3.9927144110028774,1.1679049
5.444022280875229,1.4009438
4.8917896448178055,1.4135637
7.836679358686396,2.0437832
2.5761766850593393,1.6334028
1.4040528362823803,1.738699
4.411269624963211,1.2002897
4.8056419560425105,1.27454
6.787490934104554,1.52528
3.1877100119901183,1.2060833
9.96410906457945,1.8404636
5.053244832234379,1.3318071
5.430169433953072,1.2275085
3.7708261313708693,0.9851322
7.697417919479353,1.7573767
2.6135066431205622,1.650609
7.2167237144361565,1.744545
4.31348602966972,1.2569666
5.493173114071249,1.2935781
6.169754691440303,1.4013033
5.185695854525257,1.1566143
6.015947518731966,1.3784056
4.492076667268046,1.2611151
8.738363032530643,2.3246307
2.8244644394620764,1.0157347
6.652186449995902,1.5512486
3.9730746585196552,1.0926104
1.602870925668034,1.6963139
3.5582639344162494,1.6124039
7.183089274485614,1.8757114
3.9093685078620197,1.1725922
4.484331121451831,1.1654863
4.374390587618034,1.3199787
5.966427780898112,1.6058817
7.703773037533203,1.8535519
5.748191138210085,1.4372101
6.728476867149325,1.457614
6.15436557035385,1.7195759
8.561882407408156,2.3889046
7.757716210044009,2.0680046
3.2718222098672793,1.2758245
10.01198211061164,2.440319
6.263930286740809,1.6433659
7.321710178068017,1.6400146
5.481884076300835,1.1746454
6.866065001464683,1.638135
6.519854309311231,1.7654896
7.879776943112898,1.9409733
4.094813968956954,1.4664392
5.45097968167264,1.1877232
1.956738974212442,1.7458782
7.0595095141342945,1.637887
8.93763952284236,2.2584238
2.72903168295084,1.544035
6.614158785714107,1.5243387
5.213515229900386,1.257802
4.971752962219828,1.1769114
4.549646788372108,1.3908033
4.441842226532259,1.2338009
7.813014806521867,1.9232597
2.2822088937480096,1.4965315
8.0110534507495,1.9628992
6.315434541047619,1.3378849
4.797901161069861,1.2609186
4.454897840818045,1.1927605
9.643602631181093,2.2526283
4.013829738414625,1.6672516
3.2875936150145293,1.5295496
5.74997323860433,1.2733831
5.757820705464448,1.2499485
9.84611758762642,2.5619087
5.291310524234838,1.14295
9.110890093748125,2.5929909
4.7839530091965585,1.0812588
4.089761697300432,1.1986132
10.231326659220343,2.8439674
9.001602437188478,2.4445133
6.7660661186799835,1.493185
1.5029490372277934,1.6884279
5.430168744645815,1.4626789
3.088562929777705,1.598321
4.805981815128973,1.1595907
2.891001540188382,1.2602682
3.3563252413346145,1.2376394
1.2642783163693458,1.556489
5.370356676258458,1.3868284
3.028110437720647,0.7476511
7.017745075315382,1.7994366
5.516658287170051,1.2551985
7.859005701795624,1.8394146
5.418422351333506,1.2972555
5.242871913842555,1.171258
7.350790383673175,1.6852255
6.3781623049360086,1.3293295
1.7477978529688691,1.5819101
8.594755387300488,2.083971
8.635123921804919,2.0092154
8.556286654046538,1.8414307
5.050275637686783,1.1555843
4.642461060972053,1.1336861
5.6001017198217475,1.2961712
5.015211856869678,1.362462
4.046058603269049,1.2477074
6.13395598215881,1.4180613
4.117277140659581,1.0571518
10.30265503092399,2.5737343
8.307831749789479,1.5193977
5.3847046925348625,1.3319998
6.779053723771835,1.5876427
5.06324632967463,1.2302847
9.527854929575703,2.4585571
7.806946805523541,1.9022169
3.739593020710279,1.1803255
5.107934856140352,1.2171259
9.665018059066846,2.5069065
5.570621562633143,1.2244511
5.230562580748867,1.3596563
7.0307793686608875,1.4919224
3.9635106948584404,1.0366249
8.798366740122823,2.1659527
5.557705055818477,1.1994925
0.7976534324245961,1.7579489
1.3120782336676609,1.6174984
5.21477284655338,1.2702827
6.628395838190155,1.5588207
6.753205542345885,1.5196686
5.470410630491179,1.397852
6.516559693040879,1.4215736
8.753143261694099,2.1462517
4.879459897019309,1.3647232
6.961701066336772,1.5061579
8.24123330165543,2.229414
4.545088264893135,1.1147051
5.207271263345961,1.139844
6.051854802881035,1.3838434
5.606786149223629,1.5682077
5.695850977813588,1.2254744
5.104843493574677,1.2392359
6.699817935593622,1.4317713
4.390970189591119,1.121522
5.287967784831904,1.2085295
4.777817062183541,1.0757122
5.902381122124018,1.3744764
7.571371973933704,1.7050037
5.865886731046574,1.3019085
6.828129974816996,1.49893
7.536033602195921,1.8114834
6.453813176586049,1.4399185
4.301917765082029,1.053155
5.87934619479241,1.3871431
4.884002734741717,1.2002325
5.672095585238473,1.1370077
9.440889859748403,2.4775505
4.069237707597379,1.1744614
10.09920221282701,2.615656
5.6970044764858745,1.3859663
4.156325729715256,1.1487598
3.6949307603035138,1.5432854
5.896580101548285,1.1790237
10.010653673537647,3.4932413
6.142986736008467,1.3102856
4.279726943235332,1.0400448
5.995183761538547,1.2521687
5.272079813959026,1.2562656
7.080818279291059,1.6189461
4.633736378191598,1.091011
7.525906274091497,1.7858505
5.502867198225005,1.3731041
6.762305774706185,1.4284706
4.104645371745939,1.3743038
5.69852983873184,1.2850714
4.367488153165798,1.1770401
2.555608832861733,1.3676863
6.53331409051901,1.4852381
6.968110451690514,1.5581741
5.107046614948702,1.2833338
6.659024884044676,1.531867
7.349671526069116,1.6380806
4.779758636303711,1.3381376
4.434845322806769,1.1817503
5.128928849509501,1.1971216
9.063248457281322,2.3609657
8.566894075481294,2.0290556
4.6913989626221095,1.0587053
9.380036930503575,2.4490118
4.779808973014003,1.2790937
6.912614916006127,1.5360384
10.571702113472217,2.8176336
3.9041675670592326,1.2039537
4.956620175367119,1.1062393
7.219295726995387,1.6463366
4.609058938882821,1.1470299
4.320069614063103,1.2954683
7.710304052688944,1.6391382
2.8619236403467774,2.024477
9.539468795106487,2.3422318
6.577580974758455,1.7702122
4.3597166860743926,1.1504602
4.154405796662521,1.3465061
4.665756489045156,1.204526
9.819241209297502,2.6129036
5.021557628630388,1.3313074
3.5918191405673277,1.3061476
6.568594546367304,1.443963
5.449623090039367,1.188201
2.0415268330070155,1.5555964
5.806049086299414,1.2874537
3.8270119905762954,1.2131138
4.5982905488914,0.98815155
1.2874122409220288,1.5693016
5.701892278215494,1.1168556
2.6866807760627154,0.90029144
5.521340178584772,1.3342886
8.425082387331678,2.038395
5.1784706701745815,1.1402884
1.0649995777330457,1.5879784
5.373031116978652,1.2277355
0.7845660146926559,1.4687109
3.9073449564846996,1.265729
4.093824646601119,1.139885
5.361316222993201,1.133748
8.9511252079546,2.456767
4.644072592256183,1.292656
4.828300059918606,1.0647736
0.8941424468674484,1.5715513
6.37368202518109,1.4881229
8.683304018523614,2.1446419
3.842928186586226,1.1292295
3.978279588825547,0.84250736
3.7496226749250052,1.2149944
7.404962238949096,1.6709728
6.455722820967548,1.523344
5.398451785437386,1.1139088
5.498304193619152,1.4404802
7.247169054144816,1.7007847
4.8607882331814345,1.1541748
10.33919285901494,2.4549751
6.204613148708265,1.5406113
5.126353684836012,1.1868429
4.584203512803999,1.174099
4.729702060564886,1.2468491
4.313854684801999,1.0806274
9.819922045558933,2.5810452
4.335150002982431,1.1044579
2.511529864432527,1.532259
6.03871547746234,1.3693972
7.438872093055355,1.8094759
0.9645419691712558,1.588809
0.9810326803080116,1.5629826
4.989160570294983,1.1447563
4.575167508795978,1.2595072
3.7515424529403703,1.5346403
5.0051287943732685,1.0644588
4.346346359081041,1.198246
4.020664059455987,1.1634741
4.521047082072618,1.472477
5.279778345860851,1.1902266
6.4619069237613935,1.35606
5.322807072643954,1.1829338
7.402335387447156,1.7330656
8.65706727660443,2.2166471
4.554273217420468,1.1946077
4.558581476889222,1.0948143
4.931166212065863,1.1740828
-0.1905951895298017,0.34525442
5.511985715436651,1.4034376
8.941966935389942,2.0660152
2.826563056440367,1.600831
5.800941803997182,1.3884907
6.0280397603446225,1.457159
6.829756349177167,1.6261005
9.467925480904412,2.3005123
7.422431706973942,1.7486429
7.722865264601737,1.7730865
7.365826662499796,1.7856102
4.3598113563216625,1.4291248
6.698304661200254,1.4896698
6.652526955501774,1.6180696
9.746400833444476,2.446949
7.178777147458401,1.5953598
4.891226746179592,1.1297932
4.331817042819409,1.24576
7.651598623515778,1.7807493
5.716312255309951,1.2288055
1.078013120063984,1.6071291
8.265018444453453,2.2290096
1.1915855187436435,1.5439844
5.563981628358739,1.3747978
4.943643411068106,1.1869955
3.9175639739697203,1.1780167
9.457507339420431,2.5102577
10.085552903874127,2.6185036
5.7187440024055185,1.3837719
5.527122369432906,1.1983986
4.730244226673102,1.3074751
5.0532599871808,1.192667
4.876120411529417,1.1323309
4.892034150902136,1.1948595
10.316519096069634,2.5829449
9.927140950932404,2.5677032
5.100790129645766,1.2976685
4.359888133159249,1.1009216
3.2847924217433775,1.1894836
3.0999176033586693,1.1143265
8.371095050744017,2.1078053
5.399677128332181,1.0779848
5.747043479222565,1.4078846
11.271010392552263,2.7880535
6.979858339048459,1.5216179
-1.1121166804774258,2.2333221
2.7740231023420083,0.8607025
4.651195446032419,1.1749449
6.767391782824866,1.6053009
9.380565317458057,2.3516922
6.362549860226498,1.4548311
5.08124215515755,1.2697124
8.611546350655509,2.1031427
4.224089042734107,1.2037554
7.568222495569632,1.7591953
6.059478319576176,1.4575729
12.540376666343285,3.6916637
7.342570221272027,1.6291094
4.84657191171619,1.3056698
6.993152083476051,1.5189838
7.257364007126014,1.6118202
10.169468862989415,2.4369926
4.153577978395484,1.2456675
4.445989418678325,1.1089535
11.231391147930548,2.9159403
11.485905976147027,2.8927364
5.512708217144265,1.3705568
4.692183850089199,1.1958399
8.298914326128717,1.9745789
6.960338330601282,1.5233955
5.987546865237373,1.376193
8.463783797924677,2.169899
9.014159417784185,2.317483
5.792912369665965,1.339221
3.0285556883938067,0.89168453
7.949205151717482,2.4048653
5.733559393464164,1.1784325
7.1601238104684946,1.7694473
10.253537536991704,2.8628426
10.245092376631945,3.1356287
2.6951035330729862,0.98034096
8.124772288944083,2.043744
3.713018162097363,1.0151644
5.788226028125928,1.383955
4.836683503822124,1.313468
4.138986881121067,1.1992149
5.585123434348823,1.2282257
5.564805324769225,1.1759195
6.242394436041728,1.5597782
4.72715087799013,1.1549664
7.419781585073114,1.663208
10.204589132059056,2.880518
9.651520006904917,2.299635
3.7792634750446616,1.0084782
2.879371660464134,1.5351772
5.213108484858564,1.2055664
7.0838772064286,1.6206303
5.588411546592663,1.1915493
6.954771737289903,1.5965214
9.457779021800643,2.4747162
4.666035301345195,1.0528517
2.9874882887429237,1.053093
4.920789411445201,1.1656265
9.35305007786932,2.4355488
5.8509969748797985,1.3642712
5.220105760825559,1.2492619
4.261873673907532,1.1894817
0.914732032290285,1.5759983
6.004834763056156,1.3010473
4.49823232324189,1.142168
4.420874973614193,1.1724176
4.079081108782855,1.1553507
6.30920865537113,1.20471
8.577866410024814,2.5071297
6.037075493379209,1.4204111
5.794921492233044,1.218854
3.9053533475686155,1.0800552
7.761876546429562,1.8763857
9.52908954883916,2.461895
4.843577019120701,1.2784023
4.430001778948373,1.2632904
6.5139648486613915,1.4127598
5.837604674243289,1.3295918
5.947951657069957,1.5317173
12.508564050157869,3.3383121
5.466741110539381,1.1932726
7.789116651830383,1.9709845
3.209288092583929,1.0843687
9.614896048698256,2.365858
7.694282847244374,1.8207273
4.409164103929202,1.1196709
5.4247933194377715,1.1953621
6.709560171283599,1.5017138
6.928710456785453,1.638444
6.228977252346077,1.4264793
3.851558871730596,1.1044893
4.522257075482521,1.1633539
4.158445174677411,1.2738199
5.563698654130505,1.2562656
4.362095117521214,1.2364855
8.521803926255952,2.0625381
4.098381777831653,0.9883852
5.350772065006749,1.3302565
9.162518362965105,2.5428457
3.5215736525125347,1.1751986
2.47607882935125,1.5309772
5.255577798451988,1.1530838
6.524872829616452,1.5156364
8.071720628563472,2.1685429
2.7822156290390065,0.85731125
4.1922653241344925,1.253892
2.770178931481375,1.6460695
3.984303323399768,1.5671711
7.385988516056273,1.5409126
9.073264736895446,3.6892033
8.469291374003756,1.991312
9.582114739445373,2.6773262
4.693945571068555,1.0771255
4.940706267102968,1.169138
5.446961478482949,1.2024364
7.350074254165662,1.6621733
7.991074607843419,2.1398945
6.760849594916198,1.5179243
5.3130025268429915,1.1320705
9.419055375776413,2.512844
5.513831956606552,1.3914242
6.559486638433665,1.4130058
3.6394256864574857,1.4923363
5.238722352562645,1.3819714
5.798506530355512,1.3812523
7.077266973282782,1.6550188
0.8364773961356757,1.411571
9.452235888242328,2.4608345
8.520411298760703,2.0393524
11.578627748373655,3.131279
3.9495473490704516,1.1384621
3.672567270235506,1.3068075
8.094917422515692,2.0384874
4.048536444516358,1.1273537
3.7985895609944365,1.3630457
10.610002152436095,2.4677029
4.164993900069151,1.1420937
10.692821916481044,3.1579475
5.099584837650509,1.1526413
7.302500000122606,1.7344112
8.96629397973419,2.3606758
4.780868781424598,1.1148062
0.9633102978513897,1.5770302
5.036607520243564,1.2928896
11.201315017862083,2.3107758
5.196991688769371,1.3668346
8.778036594608295,2.0931396
6.286179963076492,1.638382
7.149641579748703,2.0106115
7.877381532674004,1.9831581
5.808196800758044,1.2511177
4.832966842223474,1.270957
8.093300995896115,1.830183
7.330344966785358,1.7411556
6.002941950044171,1.4448433
1.1870302381044695,1.6657305
8.417577799342801,2.036171
6.074409677438723,1.4427595
8.273811691048646,1.9856129
6.992974200683914,1.6629076
5.606963854814547,1.3529615
5.363129402876686,1.2838707
7.638800870684509,1.8149166
4.649860326411021,1.1757917
4.853819405872603,1.2200155
6.169795835108651,1.344801
5.374963363565623,1.2125216
5.545213945670909,1.3781328
5.687301895333395,1.3405209
8.542842038211656,2.01025
5.049725916619813,1.1840324
3.5947829837473755,1.234148
4.428405836180353,1.0637751
6.7058866841082825,1.5711918
5.520185936526161,1.2810917
5.139175263300389,1.2811508
6.72377561056318,1.5695047
5.505572114336509,1.2181625
6.2581909801822135,1.3223152
8.240211413821037,2.094759
5.403887816941285,1.2460775
7.419907758683799,1.7968388
7.223891109463807,1.7937555
3.419364911577077,0.6105223
4.246301518986066,0.9587536
4.012521162808341,1.2377605
1.5402538076459464,1.6800413
5.874040864565448,1.3213329
4.149030524132037,1.2225561
5.05232163392316,1.3046036
6.733717567003794,1.5657282
8.689342519816233,2.1422234
5.190677192379617,1.0647135
11.52291086512728,2.9622793
8.29531494420856,2.1310635
8.776878311208492,2.0584202
4.415487902585564,1.4068556
8.978930278312522,2.1533184
10.615279473366051,2.8423252
5.775789186665328,1.2848396
9.546564694800566,2.2532558
3.237124115026095,0.90967464
6.014476456904781,1.3492403
8.26316799121767,2.1709251
7.066400390255399,1.544385
5.271586858758107,1.1701994
9.77805573491905,2.5595837
5.427221440485166,0.99149895
5.631472366151385,1.4410124
7.005719408946192,1.5597658
5.208465224505007,1.3752565
8.610755096318794,2.345335
5.552704261186033,1.1616812
3.226530217676194,1.1844797
7.25028390387315,1.7514267
7.688180775829473,1.8670082
4.614172608178503,1.3168659
3.673838882478865,0.84011936
5.36195636365305,1.3148174
5.030791544771777,1.3222942
5.555284778392327,1.2088318
9.373271827448544,2.305997
3.410069854049535,0.9798269
7.410895219229875,1.7554903
4.9783143676806585,1.3479271
6.828501630641629,1.5178413
5.574817081912078,1.2798243
6.521432538254114,1.6480742
3.81028783895686,1.1128063
3.6968314165763037,1.10952
6.998708502746652,1.7338705
5.766874727432919,1.1843138
6.630858472038483,1.5444412
6.413809975821508,1.5362387
3.851165053024957,1.0412502
7.526241957769514,1.9092779
7.227159619353799,1.5738163
7.300231645502603,1.5360527
8.305031212452437,2.109538
5.712337200300864,1.194458
7.986247406561439,1.9772892
3.2738632634914495,0.755002
7.087986590438973,1.5678616
10.422794684458651,2.8918
6.508741217348291,1.5609093
4.998397850166734,1.0456114
4.698990564455691,1.2836075
3.052183648959314,1.2346401
5.233652807497652,1.4502811
5.711560008711185,1.4212933
5.154261160719523,1.2494526
6.287695580524591,1.2954445
7.795270345873433,1.9400415
5.821177672784785,1.2804022
9.724729879912068,2.4888134
5.19871930252412,1.1195087
5.023067206757235,1.2124262
4.539349193772889,1.136713
7.870009121785941,1.8616829
4.547816829516417,1.2434826
3.091022695200124,0.97366333
5.895023978708997,1.3411894
6.1759058052382265,1.2808685
4.772666829217773,1.4670658
6.1619878787747275,1.6192265
9.906472700133335,2.8569412
5.932182216162472,1.3326178
5.218605392602045,1.2765064
4.695658265273579,1.0562477
4.108578599869633,1.3259363
5.9400969634234215,1.5381956
7.458501019087102,1.7462959
5.058046111290638,1.2541504
3.660319051183354,0.74864006
4.611592487968753,1.0624199
6.7115863158093845,1.5692186
5.394223893983536,1.1659212
4.669200646459943,1.2825718
5.522664199623966,1.3971853
0.9493095599676167,1.5485144
5.452573077675982,1.2765656
4.63196607499866,1.198741
5.354059105597077,1.1830282
8.551740939191781,2.1554213
4.621248669998174,1.1155939
6.649211243473218,1.4513292
3.107845865365231,1.1078196
4.518960268603882,1.2688274
1.6646372808783898,0.93877697
7.041539583136522,1.6218958
7.377172847868586,1.8687611
3.628283921018891,1.6410732
6.281511927493433,1.3698902
4.344605533974853,1.2092495
5.780917605831167,1.34237
3.9737827788804587,1.2328377
6.436165461507219,1.4951973
11.695339565775008,3.089491
8.917446297637419,2.337162
5.736800972285202,1.1750488
8.368651790642787,2.1883535
5.676879272393938,1.2872868
5.264623104039167,1.2956333
1.4034623796533428,1.6196842
1.0960083469954078,1.5594244
10.018020882484109,2.718254
6.483566183221722,1.313283
8.201022613693752,2.0152473
8.689415007608442,2.2083635
10.944923434780495,2.725853
3.5808374833027603,1.1324167
8.58957911978381,2.176054
5.402662415490873,1.2000685
7.9719318836144915,2.1105518
6.041020528304564,1.3314085
4.3410595656589805,0.7737613
11.293472778200446,2.8676567
11.988391917338081,3.1159973
9.53150870835649,2.3830519
9.76345074200675,2.3429947
6.992720270873278,1.6022005
7.891558136471865,2.1202679
4.095028577760475,0.98332596
6.026509670159086,1.2959232
6.105901793814866,1.4690142
7.285213659833968,1.7906713
8.84269586894381,2.2114105
4.754381754122363,1.2368021
4.521469231474242,1.2082958
4.92578055380215,1.1752958
6.9275843462495565,1.6154108
5.10899461008356,1.2412205
4.906266713662724,1.2221289
6.5806451072329395,1.7228832
8.140412613646568,2.0393324
4.857557229753315,1.2282124
4.00649687025631,1.4155416
5.464977709551601,1.2833796
5.609016314328057,1.4714661
5.377300806260996,1.2421532
8.580728189557338,2.1276379
4.13260506499047,1.212573
7.70550669449614,1.7982721
8.932037115030614,2.6180077
2.191604050136366,1.774622
8.36223489123983,2.1010714
4.970772627525628,1.3923349
3.8090495718313573,1.1918974
6.693428963492419,1.6451168
5.180960032620783,1.4507637
6.366293920411216,1.5512104
5.357726385270865,1.4740953
5.636210888188021,1.3761768
4.298034134199028,1.2446775
3.9925338154354435,1.2716675
4.894440784589788,1.296421
6.436969825233113,1.5436182
4.845280557713767,1.3628778
6.565213787103026,1.6948366
3.371690864091688,1.6432486
10.477027466189504,2.644518
